work_year,experience_level,employment_type,job_title,salary,salary_currency,salary_in_usd,employee_residence,remote_ratio,company_location,company_size
2022,MI,PT,Business Intelligence Engineer,244340,CAD,183255,NL,100,CA,S
2020,EN,PT,Business Intelligence Engineer,93567,USD,93567,US,100,AU,S
2020,MI,FL,Data Analyst,218685,CAD,164013,AU,0,NL,M
2021,SE,FL,Data Architect,157952,EUR,173747,GB,100,GB,M
2023,EN,PT,Data Scientist,211963,GBP,264953,NL,100,AU,L
2022,MI,FL,ML Engineer,202315,USD,202315,US,50,AU,L
2021,MI,PT,Business Intelligence Engineer,145939,USD,145939,US,50,AU,S
2021,MI,FT,Data Analyst,142639,CAD,106979,NL,0,CA,L
2020,EX,FT,Data Analyst,76993,GBP,96241,US,100,AU,M
2023,SE,PT,Data Manager,162579,EUR,178836,CA,50,US,S
2020,SE,PT,Data Scientist,121293,GBP,151616,GB,100,GB,S
2023,EN,PT,Data Engineer,226098,EUR,248707,CA,0,NL,M
2024,EN,PT,Data Product Manager,157420,CAD,118065,GB,50,GB,M
2020,EX,PT,Data Integration Specialist,261543,USD,261543,CA,100,US,S
2024,SE,FT,Research Scientist,257038,CAD,192778,AU,0,US,M
2022,EX,PT,Data Analyst,88600,EUR,97460,NL,50,NL,L
2020,MI,PT,Data Architect,215584,CAD,161688,GB,100,NL,S
2023,SE,CT,Data Product Manager,102620,USD,102620,US,100,NL,M
2020,SE,FL,Data Manager,125186,CAD,93889,AU,50,AU,L
2023,EN,CT,Machine Learning Engineer,67089,USD,67089,AU,100,GB,L
2020,MI,CT,Data Analyst,208302,CAD,156226,CA,50,GB,S
2021,SE,FT,Data Manager,185055,GBP,231318,AU,0,NL,S
2024,SE,FL,Data Product Manager,153631,CAD,115223,GB,100,GB,L
2022,EN,FL,Data Engineer,265760,CAD,199320,CA,100,AU,L
2023,EN,FT,Business Intelligence Engineer,146201,CAD,109650,AU,100,GB,S
2023,EX,CT,Data Manager,132457,USD,132457,CA,0,AU,S
2021,EN,PT,Data Modeler,269077,CAD,201807,NL,0,CA,M
2024,MI,FL,Data Integration Specialist,182993,CAD,137244,US,0,AU,L
2024,SE,PT,Business Intelligence Engineer,219876,USD,219876,NL,0,NL,M
2022,MI,CT,ML Engineer,102699,GBP,128373,NL,0,NL,S
2023,EX,FT,ML Engineer,110608,EUR,121668,US,50,GB,M
2021,SE,CT,Data Modeler,218691,USD,218691,CA,100,AU,M
2020,EX,FT,Data Modeler,52877,CAD,39657,US,50,GB,M
2023,MI,FT,Data Scientist,128966,CAD,96724,GB,100,CA,M
2020,EX,FL,Data Architect,182943,USD,182943,AU,50,US,M
2024,EN,FT,Data Integration Specialist,123135,USD,123135,AU,0,NL,S
2022,SE,PT,Data Integration Specialist,183568,USD,183568,GB,100,NL,S
2021,MI,FL,Research Scientist,219026,EUR,240928,GB,100,NL,L
2021,SE,FT,Data Engineer,205747,USD,205747,GB,50,US,S
2023,EX,CT,Data Manager,158504,USD,158504,NL,100,CA,M
2021,EN,FT,Data Architect,71921,EUR,79113,AU,0,AU,S
2023,EN,CT,Data Scientist,171869,EUR,189055,GB,50,NL,S
2023,EN,FL,Data Analyst,94811,CAD,71108,US,50,US,L
2020,SE,FT,Business Intelligence Engineer,239827,EUR,263809,US,100,CA,L
2021,SE,FT,Data Analyst,261854,USD,261854,US,50,GB,L
2021,EX,FT,ML Engineer,266607,CAD,199955,CA,50,GB,L
2022,EN,PT,Machine Learning Engineer,172144,USD,172144,US,100,GB,L
2024,SE,FT,Data Integration Specialist,262929,USD,262929,CA,0,CA,L
2021,EN,CT,Business Intelligence Engineer,218561,GBP,273201,AU,0,US,M
2024,EX,CT,Data Modeler,124665,EUR,137131,CA,100,GB,S
2021,SE,PT,Data Engineer,164423,CAD,123317,CA,100,US,L
2024,EN,FL,Research Scientist,76504,GBP,95630,CA,100,US,L
2022,EN,CT,Data Integration Specialist,84866,GBP,106082,CA,100,NL,S
2021,MI,PT,Data Manager,163031,EUR,179334,NL,50,AU,M
2021,EX,FL,Data Integration Specialist,175603,USD,175603,GB,0,AU,L
2021,SE,CT,Data Manager,56723,CAD,42542,AU,50,US,M
2024,EN,FL,Data Architect,219962,CAD,164971,GB,50,AU,L
2020,SE,FT,Data Manager,193663,CAD,145247,CA,100,AU,M
2020,MI,FT,Machine Learning Engineer,103146,CAD,77359,US,0,US,M
2023,SE,PT,Data Manager,153672,CAD,115254,CA,100,NL,S
2024,MI,CT,Data Modeler,273360,USD,273360,GB,0,NL,L
2020,EN,PT,Data Architect,235372,CAD,176529,NL,100,US,L
2024,EN,PT,Machine Learning Engineer,134141,CAD,100605,GB,0,CA,S
2023,EN,CT,Data Analyst,106557,GBP,133196,CA,100,NL,S
2020,MI,FL,ML Engineer,196078,CAD,147058,CA,50,NL,S
2023,MI,FT,Data Engineer,169632,GBP,212040,CA,50,NL,M
2024,EN,FT,Business Intelligence Engineer,96713,GBP,120891,GB,50,GB,M
2022,MI,FL,Data Scientist,141591,CAD,106193,CA,50,CA,L
2022,EN,FT,Data Product Manager,85444,EUR,93988,AU,0,NL,L
2021,EX,PT,Business Intelligence Engineer,81522,GBP,101902,GB,0,AU,S
2020,SE,PT,Data Manager,158183,CAD,118637,CA,0,GB,L
2021,MI,CT,Data Analyst,131904,CAD,98928,AU,0,AU,M
2021,MI,FL,Data Scientist,65737,CAD,49302,GB,0,GB,M
2023,EX,FL,ML Engineer,199719,EUR,219690,CA,100,CA,M
2023,EX,PT,Data Architect,237425,CAD,178068,CA,100,NL,S
2021,SE,CT,Data Engineer,142217,USD,142217,AU,0,GB,L
2024,MI,FT,Data Integration Specialist,125163,CAD,93872,AU,0,CA,M
2023,EN,PT,Data Engineer,47134,GBP,58917,CA,0,NL,M
2023,MI,PT,Data Engineer,82883,GBP,103603,AU,0,GB,L
2020,SE,PT,Machine Learning Engineer,287998,USD,287998,NL,100,US,S
2024,SE,CT,Data Modeler,121107,GBP,151383,GB,0,NL,L
2022,SE,PT,Data Engineer,98360,GBP,122950,CA,50,CA,L
2024,MI,FT,Machine Learning Engineer,222883,EUR,245171,NL,100,US,S
2021,SE,FT,Data Scientist,59781,USD,59781,AU,0,GB,L
2022,EN,FL,Business Intelligence Engineer,185412,GBP,231765,US,0,US,L
2022,SE,CT,Data Modeler,77257,USD,77257,CA,0,AU,S
2024,EN,CT,Business Intelligence Engineer,187370,EUR,206107,US,50,GB,L
2023,MI,CT,ML Engineer,52372,EUR,57609,AU,0,NL,S
2021,SE,PT,Data Scientist,298011,USD,298011,CA,0,CA,S
2020,EX,FL,Data Scientist,170492,GBP,213115,AU,50,AU,S
2024,EX,PT,Data Modeler,146366,GBP,182957,NL,0,US,L
2022,EN,FT,Data Product Manager,286484,USD,286484,US,100,US,M
2023,EN,FT,Machine Learning Engineer,127991,CAD,95993,GB,0,US,S
2022,EN,FT,Research Scientist,107079,CAD,80309,AU,100,NL,M
2024,SE,FL,Data Scientist,173084,GBP,216355,AU,50,NL,M
2020,EN,FL,ML Engineer,54396,CAD,40797,AU,100,GB,M
2024,EN,FL,Data Manager,38918,GBP,48647,NL,50,US,M
2023,EX,CT,Research Scientist,59359,USD,59359,US,0,GB,L
2023,SE,FL,Data Scientist,151372,GBP,189215,CA,100,GB,S
2020,EN,FT,Data Engineer,220331,CAD,165248,NL,100,AU,L
2020,MI,CT,Machine Learning Engineer,194554,EUR,214009,AU,50,GB,L
2020,MI,PT,Data Scientist,196199,USD,196199,US,0,US,S
2023,EN,CT,Business Intelligence Engineer,146261,CAD,109695,CA,100,NL,L
2023,SE,FL,Data Product Manager,82237,CAD,61677,AU,100,US,S
2020,EX,FL,Data Engineer,124701,CAD,93525,US,50,GB,M
2024,EX,PT,Data Modeler,48752,EUR,53627,US,100,GB,S
2023,MI,FT,Data Engineer,143101,GBP,178876,US,50,AU,S
2023,SE,FT,ML Engineer,242403,EUR,266643,NL,0,GB,L
2020,EN,FT,Data Architect,100624,USD,100624,NL,0,AU,M
2020,SE,FL,Business Intelligence Engineer,270255,USD,270255,GB,100,GB,S
2024,MI,CT,Data Modeler,90133,USD,90133,NL,100,CA,S
2020,SE,CT,Data Analyst,143790,USD,143790,GB,0,NL,M
2022,EN,CT,Data Scientist,226225,EUR,248847,US,100,US,L
2023,SE,CT,Data Integration Specialist,102756,EUR,113031,US,100,US,L
2022,EN,FT,Data Integration Specialist,169834,CAD,127375,NL,100,US,M
2024,SE,CT,Research Scientist,135928,CAD,101946,CA,100,US,L
2022,EN,CT,Business Intelligence Engineer,131757,USD,131757,NL,50,CA,S
2023,EN,PT,Data Scientist,119355,GBP,149193,AU,100,GB,S
2023,EN,FL,Data Analyst,149938,USD,149938,US,0,US,L
2020,EN,CT,Data Product Manager,219754,EUR,241729,AU,0,GB,M
2023,SE,PT,Research Scientist,116509,USD,116509,NL,0,GB,S
2020,MI,FL,Data Manager,262456,CAD,196842,AU,0,NL,M
2022,EN,FL,Business Intelligence Engineer,59777,GBP,74721,AU,50,AU,S
2022,EX,FL,ML Engineer,165311,EUR,181842,US,0,GB,M
2024,EN,FL,Data Integration Specialist,58824,CAD,44118,US,50,GB,M
2022,MI,PT,ML Engineer,168490,GBP,210612,NL,100,CA,L
2020,EX,FL,Business Intelligence Engineer,183915,EUR,202306,AU,50,US,L
2024,MI,FL,Business Intelligence Engineer,123778,CAD,92833,NL,0,GB,M
2022,EX,FL,Data Engineer,71223,GBP,89028,CA,100,AU,M
2023,EX,CT,Data Architect,101570,EUR,111727,AU,0,US,M
2023,EN,PT,Data Modeler,51521,CAD,38640,US,50,US,M
2020,SE,PT,Research Scientist,269234,USD,269234,US,0,CA,M
2022,MI,PT,Data Modeler,227966,EUR,250762,CA,100,GB,M
2021,MI,FL,ML Engineer,119659,CAD,89744,CA,50,NL,M
2020,EN,FT,Research Scientist,146990,USD,146990,AU,0,AU,L
2020,MI,FT,ML Engineer,148483,EUR,163331,CA,0,US,M
2020,EN,PT,Data Product Manager,156426,GBP,195532,NL,50,CA,S
2022,EX,PT,Data Product Manager,54254,EUR,59679,GB,0,GB,M
2024,EN,FL,ML Engineer,96939,CAD,72704,GB,100,CA,S
2022,EN,FL,Business Intelligence Engineer,72073,GBP,90091,NL,100,GB,L
2021,EN,FT,Research Scientist,189382,GBP,236727,US,50,GB,S
2023,EN,FL,Machine Learning Engineer,76785,CAD,57588,NL,0,CA,L
2022,EX,CT,Data Scientist,114570,USD,114570,CA,100,CA,L
2020,MI,FL,Data Engineer,130577,USD,130577,CA,0,NL,M
2022,EX,FL,Data Product Manager,227428,EUR,250170,CA,100,US,L
2022,MI,FL,Data Analyst,189378,GBP,236722,US,50,GB,S
2021,EX,FL,Data Scientist,81950,CAD,61462,NL,100,GB,S
2020,EX,FL,Business Intelligence Engineer,153707,EUR,169077,GB,50,GB,M
2022,EN,CT,Business Intelligence Engineer,128696,USD,128696,AU,100,CA,S
2022,EX,PT,Data Analyst,138611,EUR,152472,US,100,CA,S
2023,EN,FT,Business Intelligence Engineer,118928,EUR,130820,CA,100,CA,S
2021,EX,PT,Data Architect,129904,USD,129904,US,0,NL,M
2024,EX,CT,Data Engineer,120838,USD,120838,CA,50,AU,S
2020,SE,CT,Data Integration Specialist,214992,USD,214992,NL,100,CA,S
2023,EN,FL,Data Manager,128870,EUR,141757,AU,0,AU,S
2022,EX,CT,Data Integration Specialist,146771,EUR,161448,AU,100,CA,S
2021,EN,FT,Machine Learning Engineer,152170,EUR,167387,NL,50,GB,M
2024,SE,FL,Data Analyst,161987,USD,161987,US,100,AU,S
2021,EX,CT,Data Manager,160896,CAD,120672,AU,0,US,S
2022,EX,PT,Business Intelligence Engineer,145796,CAD,109347,GB,50,US,S
2023,MI,FL,Data Analyst,137648,CAD,103236,NL,100,CA,L
2023,EX,FL,Data Scientist,119128,EUR,131040,US,0,US,M
2024,MI,PT,Data Analyst,125749,GBP,157186,NL,100,GB,M
2021,SE,CT,Data Product Manager,214610,USD,214610,GB,0,AU,S
2024,EX,CT,Business Intelligence Engineer,257483,CAD,193112,US,50,AU,M
2021,EX,FT,Business Intelligence Engineer,43286,GBP,54107,GB,50,US,S
2020,SE,PT,Business Intelligence Engineer,154794,CAD,116095,US,50,AU,S
2023,EX,FL,Data Modeler,154299,USD,154299,AU,50,AU,S
2024,SE,CT,Data Analyst,170317,EUR,187348,AU,50,NL,L
2021,EX,CT,Data Analyst,184800,GBP,231000,NL,100,US,S
2022,EN,CT,Data Scientist,63640,USD,63640,NL,0,CA,S
2022,EX,CT,Data Engineer,239699,EUR,263668,GB,0,CA,M
2023,MI,PT,Data Scientist,221735,CAD,166301,US,0,US,S
2022,EX,CT,Data Integration Specialist,38912,GBP,48640,GB,100,AU,L
2020,EX,FL,Data Product Manager,231658,USD,231658,AU,0,AU,S
2024,MI,PT,Machine Learning Engineer,253202,USD,253202,AU,50,CA,L
2022,SE,PT,Data Engineer,66752,CAD,50064,NL,100,CA,L
2022,EX,FL,Data Architect,94715,GBP,118393,AU,0,US,S
2023,EN,CT,Data Integration Specialist,47997,EUR,52796,GB,100,NL,L
2020,SE,FL,Data Modeler,229078,CAD,171808,US,0,GB,S
2022,EX,FT,ML Engineer,216872,CAD,162654,CA,0,AU,S
2020,SE,FL,Data Integration Specialist,186692,EUR,205361,US,0,NL,L
2020,EX,PT,Data Integration Specialist,105381,GBP,131726,NL,0,US,L
2020,SE,PT,Data Scientist,94268,EUR,103694,AU,50,GB,M
2023,EX,PT,Data Architect,290214,USD,290214,CA,100,US,L
2024,EN,PT,Research Scientist,109069,EUR,119975,NL,50,US,L
2024,SE,FT,Research Scientist,103473,GBP,129341,NL,100,NL,S
2020,SE,FT,Data Architect,141757,USD,141757,US,50,GB,S
2024,EX,FT,Business Intelligence Engineer,148243,CAD,111182,NL,100,GB,L
2022,EX,FL,Data Engineer,223584,USD,223584,AU,100,US,M
2021,EN,CT,Machine Learning Engineer,200680,USD,200680,US,100,AU,S
2024,SE,FL,Data Engineer,241629,EUR,265791,NL,50,CA,L
2024,MI,CT,Data Engineer,142309,USD,142309,US,0,NL,L
2024,MI,FL,Data Modeler,139438,EUR,153381,US,100,GB,L
2024,SE,CT,Data Engineer,149713,GBP,187141,NL,100,GB,S
2024,EN,FL,Data Architect,147984,EUR,162782,AU,50,CA,M
2021,MI,FT,Research Scientist,188412,EUR,207253,AU,50,GB,M
2024,EX,FL,Data Scientist,36913,GBP,46141,US,0,CA,S
2024,SE,FL,Data Integration Specialist,218158,GBP,272697,US,50,US,M
2024,EX,PT,Research Scientist,63429,USD,63429,US,0,GB,S
2023,EX,FT,Business Intelligence Engineer,164349,EUR,180783,AU,50,AU,L
2021,MI,FL,Machine Learning Engineer,48907,GBP,61133,GB,50,CA,S
2020,SE,CT,Data Architect,75489,EUR,83037,CA,50,NL,L
2020,SE,FL,Machine Learning Engineer,176160,GBP,220200,US,50,AU,M
2024,MI,CT,Data Product Manager,155616,EUR,171177,US,50,AU,L
2020,SE,FL,Research Scientist,196660,USD,196660,GB,50,GB,S
2023,EX,FL,Research Scientist,73395,GBP,91743,AU,100,US,M
2020,EX,FT,Data Scientist,105155,CAD,78866,GB,50,AU,M
2020,EX,PT,Machine Learning Engineer,160953,EUR,177048,US,100,NL,M
2022,EX,CT,Data Integration Specialist,219286,USD,219286,CA,0,US,S
2022,SE,FT,Data Product Manager,45469,CAD,34101,NL,0,US,L
2022,EN,PT,Data Engineer,78295,GBP,97868,NL,100,CA,M
2021,EX,FT,Machine Learning Engineer,109253,GBP,136566,US,0,US,L
2023,MI,CT,ML Engineer,151551,GBP,189438,AU,50,CA,M
2024,EX,FL,Data Integration Specialist,200560,GBP,250700,GB,0,AU,S
2023,EX,FL,Data Analyst,209112,EUR,230023,AU,100,NL,L
2021,EN,FT,Data Modeler,183047,GBP,228808,CA,100,US,L
2020,SE,CT,ML Engineer,149489,CAD,112116,NL,100,US,S
2022,EX,PT,Data Architect,191984,CAD,143988,US,100,US,M
2023,MI,PT,Research Scientist,204158,CAD,153118,GB,50,GB,S
2024,MI,FL,Data Engineer,132127,USD,132127,US,50,CA,L
2023,SE,PT,ML Engineer,50115,GBP,62643,NL,100,US,L
2022,EN,CT,Data Modeler,153950,GBP,192437,CA,50,NL,M
2023,EN,CT,Data Analyst,114983,GBP,143728,CA,100,US,L
2020,SE,PT,Data Product Manager,233645,USD,233645,AU,50,CA,S
2021,EN,FL,ML Engineer,240295,CAD,180221,US,0,NL,S
2021,SE,FT,Machine Learning Engineer,46052,GBP,57565,NL,50,US,L
2023,MI,CT,ML Engineer,163096,EUR,179405,CA,50,NL,L
2023,EX,CT,Data Manager,50741,GBP,63426,US,100,NL,S
2020,MI,CT,Machine Learning Engineer,102368,CAD,76776,NL,50,GB,S
2024,EX,PT,Data Modeler,129275,GBP,161593,GB,100,US,L
2024,EN,PT,Machine Learning Engineer,93986,USD,93986,NL,50,US,S
2021,SE,CT,Data Manager,45103,EUR,49613,US,50,AU,M
2024,SE,PT,Research Scientist,157627,GBP,197033,NL,0,CA,S
2022,EX,FT,Data Modeler,85050,USD,85050,AU,100,NL,M
2020,EX,FL,Research Scientist,177812,CAD,133359,AU,0,GB,M
2024,MI,CT,Data Manager,100270,CAD,75202,US,50,GB,M
2023,EX,CT,Data Engineer,188651,CAD,141488,US,100,GB,L
2023,SE,PT,Data Modeler,106382,GBP,132977,NL,100,US,M
2021,SE,FT,Data Scientist,151614,EUR,166775,CA,50,NL,S
2020,EX,CT,Research Scientist,223877,CAD,167907,CA,100,GB,S
2022,MI,CT,Data Modeler,196237,CAD,147177,US,0,CA,M
2022,EN,CT,Data Product Manager,168847,GBP,211058,US,100,NL,L
2020,SE,FL,Data Scientist,265595,USD,265595,AU,50,AU,M
2024,MI,CT,Machine Learning Engineer,65752,GBP,82190,US,100,NL,L
2022,EN,FT,Data Manager,129099,EUR,142008,NL,0,AU,S
2020,EN,PT,Data Modeler,255536,CAD,191652,AU,50,US,M
2022,MI,FL,Data Engineer,116892,CAD,87669,US,100,CA,S
2024,EN,FT,Data Integration Specialist,83930,USD,83930,CA,100,US,L
2023,EN,FL,ML Engineer,96774,USD,96774,NL,100,CA,S
2020,SE,CT,Data Scientist,68651,EUR,75516,GB,100,US,L
2020,SE,FL,Machine Learning Engineer,102885,EUR,113173,GB,100,AU,L
2022,EX,FL,Machine Learning Engineer,192069,CAD,144051,NL,50,AU,L
2023,SE,PT,Data Architect,236252,EUR,259877,NL,0,CA,S
2023,MI,FL,Data Analyst,133927,GBP,167408,CA,100,US,M
2022,SE,FT,Data Integration Specialist,137768,EUR,151544,US,0,NL,S
2023,SE,FT,ML Engineer,114498,EUR,125947,CA,100,US,S
2020,EN,FL,Data Engineer,108003,CAD,81002,US,0,CA,M
2024,MI,PT,Data Analyst,135971,USD,135971,NL,0,GB,M
2024,EN,FT,Data Scientist,200081,GBP,250101,GB,50,US,L
2022,SE,FT,ML Engineer,219743,CAD,164807,NL,50,NL,S
2020,EX,FT,Data Modeler,251011,USD,251011,US,50,AU,S
2020,EN,PT,Data Engineer,57582,EUR,63340,US,100,US,M
2022,MI,CT,Machine Learning Engineer,69844,EUR,76828,CA,50,AU,S
2022,EN,CT,Business Intelligence Engineer,129917,CAD,97437,GB,0,CA,S
2023,SE,PT,Data Manager,78429,EUR,86271,GB,50,CA,M
2020,EX,CT,Research Scientist,121475,EUR,133622,US,50,GB,S
2024,EN,CT,Data Manager,111323,GBP,139153,AU,50,CA,M
2024,SE,PT,Data Product Manager,122727,EUR,134999,CA,100,AU,S
2023,EN,FL,Data Engineer,110809,USD,110809,GB,100,AU,M
2023,MI,PT,Data Scientist,168193,GBP,210241,AU,100,US,M
2023,MI,FT,Machine Learning Engineer,211425,GBP,264281,AU,0,GB,L
2024,EN,FT,Data Modeler,271059,USD,271059,NL,0,GB,L
2022,EX,PT,Data Integration Specialist,184958,USD,184958,US,50,US,S
2022,MI,FT,Data Integration Specialist,81690,EUR,89859,NL,50,NL,M
2024,EX,FT,Data Scientist,269058,USD,269058,NL,100,CA,S
2020,EN,FL,Data Integration Specialist,256820,CAD,192615,CA,100,US,L
2020,MI,CT,Data Manager,125523,USD,125523,US,0,CA,S
2021,SE,FT,ML Engineer,158417,CAD,118812,US,50,CA,L
2023,MI,FT,Data Modeler,166346,EUR,182980,US,0,GB,L
2024,MI,FT,Data Modeler,176491,USD,176491,GB,0,GB,S
2022,SE,CT,Data Scientist,122119,EUR,134330,CA,0,AU,S
2021,MI,CT,ML Engineer,171253,GBP,214066,US,100,NL,L
2022,MI,CT,Data Analyst,83349,EUR,91683,US,50,GB,M
2023,MI,PT,Data Manager,247650,EUR,272415,NL,0,NL,L
2023,EN,FT,Data Analyst,208986,GBP,261232,AU,0,NL,M
2024,EX,FT,Data Integration Specialist,246816,CAD,185112,GB,50,GB,L
2021,MI,CT,Research Scientist,106713,GBP,133391,AU,50,US,M
2024,SE,FT,Data Manager,234792,EUR,258271,AU,0,AU,S
2024,MI,FL,Business Intelligence Engineer,251471,USD,251471,NL,100,AU,M
2020,MI,CT,Data Architect,165868,CAD,124401,US,100,CA,S
2021,EX,FT,Machine Learning Engineer,161480,CAD,121110,NL,100,AU,S
2020,EX,CT,Data Manager,92394,CAD,69295,GB,0,NL,L
2023,EX,FL,Data Analyst,35894,GBP,44867,NL,100,US,L
2024,EX,CT,Machine Learning Engineer,113413,USD,113413,NL,50,NL,S
2023,SE,FT,ML Engineer,160062,EUR,176068,CA,0,AU,S
2020,MI,FT,Data Modeler,224280,CAD,168210,CA,0,GB,M
2022,SE,CT,Data Modeler,196214,GBP,245267,CA,0,GB,M
2023,SE,CT,Data Architect,82904,USD,82904,CA,0,CA,S
2020,MI,FL,Business Intelligence Engineer,192885,GBP,241106,CA,0,AU,S
2023,SE,CT,Data Architect,215113,CAD,161334,GB,50,NL,L
2023,EN,CT,Machine Learning Engineer,94601,GBP,118251,AU,50,US,L
2024,SE,FT,Data Integration Specialist,131504,EUR,144654,CA,50,CA,M
2021,SE,FL,Data Manager,157931,CAD,118448,GB,50,CA,M
2020,EN,PT,ML Engineer,119224,EUR,131146,AU,50,AU,M
2021,EN,FL,Data Analyst,118955,USD,118955,US,100,CA,L
2021,EN,CT,Data Analyst,127088,CAD,95316,CA,100,US,M
2020,EX,PT,Machine Learning Engineer,56004,USD,56004,CA,100,US,L
2020,EN,FT,Data Scientist,201692,GBP,252115,US,0,CA,M
2020,EN,PT,Data Scientist,160768,USD,160768,AU,0,AU,L
2020,SE,FL,Research Scientist,77521,GBP,96901,AU,0,CA,L
2021,MI,PT,Machine Learning Engineer,262411,CAD,196808,CA,50,GB,S
2023,EX,PT,Data Manager,92191,GBP,115238,NL,0,US,L
2023,EN,PT,Machine Learning Engineer,97852,EUR,107637,NL,50,NL,S
2021,SE,FT,Data Integration Specialist,141490,EUR,155639,AU,100,NL,L
2021,EN,CT,Data Modeler,67302,CAD,50476,CA,50,CA,M
2022,EX,FT,Data Analyst,263141,CAD,197355,AU,0,GB,L
2024,EN,PT,ML Engineer,118697,GBP,148371,CA,0,US,L
2020,EN,FT,ML Engineer,92513,EUR,101764,US,0,NL,L
2021,EN,FT,Data Architect,225617,EUR,248178,US,0,CA,L
2022,EN,PT,ML Engineer,169005,USD,169005,NL,50,GB,S
2023,EN,CT,Data Manager,261284,USD,261284,US,100,AU,M
2024,MI,FT,Research Scientist,65989,CAD,49491,GB,100,GB,S
2022,EN,PT,Data Integration Specialist,173634,EUR,190997,AU,100,AU,S
2022,SE,FT,Data Analyst,203669,USD,203669,US,50,US,S
2023,SE,CT,Data Product Manager,206556,USD,206556,GB,100,US,M
2023,SE,PT,Data Architect,249781,EUR,274759,GB,50,AU,M
2023,EX,FT,Data Integration Specialist,137925,CAD,103443,CA,0,US,M
2024,EX,CT,ML Engineer,217474,EUR,239221,GB,100,US,L
2022,EN,FT,Data Manager,138807,CAD,104105,GB,0,US,L
2024,EN,FT,Data Product Manager,46605,GBP,58256,AU,0,NL,L
2021,SE,CT,Data Analyst,138727,EUR,152599,US,0,CA,L
2023,EN,FL,Data Architect,171503,CAD,128627,AU,0,AU,S
2024,MI,CT,Data Analyst,241555,CAD,181166,NL,100,AU,L
2021,SE,CT,Data Modeler,143846,USD,143846,GB,100,NL,S
2020,EN,PT,Data Modeler,161366,GBP,201707,AU,50,US,L
2021,EN,FT,Machine Learning Engineer,237145,CAD,177858,GB,0,AU,S
2020,SE,FL,Research Scientist,166542,CAD,124906,AU,0,AU,S
2022,MI,PT,Data Scientist,139271,EUR,153198,US,100,US,S
2022,EX,CT,Data Architect,147356,EUR,162091,US,100,AU,S
2022,MI,FT,Business Intelligence Engineer,72571,USD,72571,NL,50,NL,M
2022,EN,PT,Data Product Manager,230427,CAD,172820,CA,100,GB,M
2021,EX,FT,ML Engineer,204273,EUR,224700,AU,50,US,S
2020,EX,CT,Data Analyst,113633,GBP,142041,GB,0,NL,M
2020,MI,FL,Data Integration Specialist,133157,CAD,99867,US,0,GB,S
2023,MI,FT,Research Scientist,79889,GBP,99861,GB,100,NL,L
2024,MI,CT,Data Product Manager,134466,USD,134466,NL,100,CA,S
2023,EN,FT,Research Scientist,146736,USD,146736,NL,0,AU,S
2021,EN,PT,Data Analyst,129835,USD,129835,GB,50,NL,M
2021,EX,PT,Data Architect,132249,USD,132249,GB,0,GB,S
2021,SE,FL,Data Product Manager,261604,CAD,196203,AU,0,NL,M
2024,EX,CT,Data Scientist,66363,USD,66363,US,100,US,L
2024,SE,FL,Data Modeler,205857,USD,205857,CA,0,NL,L
2024,EX,FL,Business Intelligence Engineer,226985,EUR,249683,US,50,US,L
2020,SE,PT,Data Manager,98418,GBP,123022,NL,50,AU,L
2022,SE,FL,Machine Learning Engineer,207808,EUR,228588,US,50,NL,L
2023,EN,PT,Data Manager,125070,GBP,156337,AU,50,US,M
2021,SE,CT,Data Product Manager,106786,GBP,133482,GB,100,AU,L
2023,EX,CT,Data Scientist,107508,USD,107508,AU,100,GB,M
2021,MI,CT,Data Analyst,140718,USD,140718,US,100,GB,M
2024,EN,PT,Research Scientist,188776,USD,188776,AU,0,US,M
2021,SE,FT,Machine Learning Engineer,122308,USD,122308,NL,50,NL,L
2024,SE,CT,Data Product Manager,77179,GBP,96473,CA,50,NL,S
2022,SE,FL,ML Engineer,60907,GBP,76133,CA,50,GB,M
2024,MI,FL,Data Product Manager,226264,USD,226264,GB,0,US,L
2020,EN,CT,Data Modeler,190216,USD,190216,NL,50,AU,M
2021,EN,FL,Data Engineer,193813,GBP,242266,AU,0,NL,L
2023,MI,PT,Machine Learning Engineer,107551,CAD,80663,NL,50,US,L
2020,MI,PT,Data Architect,287728,USD,287728,NL,50,NL,S
2024,EN,CT,Data Manager,173267,EUR,190593,AU,0,AU,S
2020,EX,FT,Data Engineer,170752,GBP,213440,NL,50,NL,M
2022,EX,FT,Research Scientist,231823,CAD,173867,US,0,AU,S
2020,EN,CT,Data Manager,196759,EUR,216434,NL,0,NL,S
2023,EN,PT,Data Modeler,92237,EUR,101460,AU,50,CA,L
2024,SE,CT,Data Scientist,147594,USD,147594,NL,0,US,L
2022,EN,CT,Data Manager,165401,CAD,124050,NL,50,CA,L
2022,EN,FL,Data Integration Specialist,83008,CAD,62256,US,50,CA,L
2023,EN,FL,Research Scientist,186172,CAD,139629,NL,0,CA,L
2023,EX,FT,Data Architect,100343,EUR,110377,GB,0,CA,S
2023,MI,CT,Data Integration Specialist,261776,USD,261776,US,50,NL,L
2020,EX,CT,Data Analyst,93723,USD,93723,NL,100,NL,S
2024,EX,PT,Data Modeler,225252,EUR,247777,AU,0,CA,S
2022,EN,FT,Data Architect,238697,USD,238697,AU,100,US,L
2022,EN,FT,ML Engineer,95856,USD,95856,AU,50,CA,S
2021,EN,FL,Data Architect,134514,CAD,100885,US,100,AU,L
2023,EN,CT,Data Engineer,253654,CAD,190240,AU,100,US,L
2020,MI,FT,Research Scientist,187022,GBP,233777,CA,100,NL,S
2022,EN,FL,Data Architect,190572,USD,190572,US,100,GB,S
2022,EN,CT,Business Intelligence Engineer,92548,EUR,101802,US,100,CA,M
2020,EX,CT,Data Engineer,91614,CAD,68710,AU,100,AU,M
2022,MI,FL,Data Product Manager,155035,GBP,193793,AU,0,NL,M
2020,MI,FT,Data Product Manager,189490,GBP,236862,GB,100,AU,S
2020,EX,PT,Data Product Manager,89747,EUR,98721,GB,50,NL,S
2022,MI,FL,Data Scientist,68415,GBP,85518,CA,0,AU,S
2023,MI,FL,Data Modeler,62232,USD,62232,CA,0,CA,M
2024,SE,PT,Data Analyst,193029,CAD,144771,AU,100,GB,S
2020,EN,FL,ML Engineer,155101,USD,155101,NL,100,AU,M
2024,EX,CT,Research Scientist,143941,EUR,158335,AU,100,US,S
2021,MI,FL,Data Modeler,102600,CAD,76950,NL,100,AU,S
2024,EN,FL,Data Analyst,193856,GBP,242320,AU,50,NL,S
2021,EX,PT,Data Modeler,220311,CAD,165233,US,50,CA,S
2021,EN,FT,Business Intelligence Engineer,148563,CAD,111422,CA,100,AU,M
2023,EX,FL,Data Analyst,142524,GBP,178155,AU,50,CA,L
2024,EX,CT,Machine Learning Engineer,74335,GBP,92918,CA,0,US,M
2024,EX,PT,Business Intelligence Engineer,208284,EUR,229112,US,0,NL,L
2021,EX,FL,Machine Learning Engineer,218213,GBP,272766,AU,50,US,L
2022,EN,PT,Data Architect,243818,USD,243818,CA,0,NL,M
2024,EX,CT,Research Scientist,209426,CAD,157069,CA,0,GB,L
2024,MI,PT,Machine Learning Engineer,260740,USD,260740,CA,0,GB,M
2022,EX,FL,Research Scientist,42601,GBP,53251,CA,50,AU,M
2020,MI,FT,Data Analyst,67867,EUR,74653,AU,100,NL,M
2020,SE,PT,Business Intelligence Engineer,46059,GBP,57573,NL,100,NL,S
2021,EX,FT,Machine Learning Engineer,106275,EUR,116902,GB,100,NL,L
2024,EN,FT,Data Architect,197338,CAD,148003,CA,100,NL,S
2020,EN,FL,Data Manager,269629,CAD,202221,US,0,CA,S
2020,MI,PT,Business Intelligence Engineer,186482,USD,186482,CA,100,US,S
2021,EX,PT,Data Engineer,83691,GBP,104613,US,0,GB,M
2020,EN,PT,Data Scientist,224870,CAD,168652,US,100,GB,L
2022,EX,PT,ML Engineer,122357,EUR,134592,US,0,CA,L
2022,EN,FT,Data Architect,104434,GBP,130542,NL,0,GB,M
2020,SE,PT,Data Architect,134123,EUR,147535,AU,50,CA,L
2020,EX,FL,Data Engineer,184303,GBP,230378,NL,50,GB,S
2021,SE,CT,Data Modeler,44724,GBP,55905,NL,0,AU,M
2024,MI,FL,Data Integration Specialist,296780,USD,296780,AU,0,US,L
2022,SE,CT,ML Engineer,68314,CAD,51235,NL,50,CA,L
2021,EX,FL,Data Engineer,237549,EUR,261303,CA,0,CA,S
2021,SE,PT,Data Integration Specialist,67479,EUR,74226,NL,50,NL,M
2020,EX,FT,Data Analyst,75025,USD,75025,US,0,AU,S
2022,EN,FL,ML Engineer,182662,EUR,200928,AU,0,GB,S
2020,SE,CT,Data Modeler,66838,GBP,83547,NL,0,NL,M
2023,EX,PT,Machine Learning Engineer,58491,EUR,64340,GB,0,US,M
2020,EX,FL,Data Analyst,54672,EUR,60139,GB,0,CA,M
2024,EX,FL,Research Scientist,126802,GBP,158502,US,0,NL,M
2020,EX,FT,Machine Learning Engineer,135868,EUR,149454,CA,100,US,M
2021,EX,FT,Data Manager,267251,USD,267251,NL,0,CA,M
2023,EX,PT,Machine Learning Engineer,177906,GBP,222382,CA,0,GB,L
2024,MI,FL,Data Integration Specialist,258937,CAD,194202,AU,0,NL,S
2022,SE,PT,Research Scientist,243642,USD,243642,NL,100,GB,S
2024,SE,FT,Data Integration Specialist,123929,USD,123929,US,50,NL,L
2024,SE,FT,Data Product Manager,101620,CAD,76215,US,0,GB,M
2023,SE,PT,Research Scientist,259797,CAD,194847,AU,50,AU,L
2020,EX,FL,Data Modeler,97993,USD,97993,US,50,US,L
2023,EX,FT,Data Scientist,248470,USD,248470,US,100,GB,M
2021,EN,FT,Business Intelligence Engineer,142046,GBP,177557,AU,100,GB,S
2024,MI,CT,Data Manager,137055,GBP,171318,GB,50,CA,S
2024,EX,FT,Data Manager,165061,GBP,206326,AU,50,AU,L
2024,EX,CT,Data Analyst,106439,EUR,117082,AU,100,US,M
2023,SE,PT,Data Scientist,55352,EUR,60887,GB,100,GB,S
2022,SE,PT,Data Scientist,235094,EUR,258603,AU,0,US,M
2021,SE,CT,Data Product Manager,49297,GBP,61621,AU,50,GB,L
2024,SE,FT,ML Engineer,176968,EUR,194664,CA,0,GB,M
2024,EX,FT,Business Intelligence Engineer,62003,USD,62003,AU,50,CA,L
2023,EN,CT,Data Integration Specialist,108478,GBP,135597,GB,0,NL,M
2022,MI,FT,Data Scientist,58761,GBP,73451,CA,100,CA,S
2020,EN,CT,Data Engineer,218511,CAD,163883,GB,0,CA,M
2024,MI,FL,Data Architect,174492,CAD,130869,GB,100,AU,S
2024,MI,FL,Data Modeler,138897,GBP,173621,AU,100,US,S
2023,EX,FT,Data Integration Specialist,126858,CAD,95143,CA,100,GB,M
2024,MI,FL,Data Modeler,130804,GBP,163505,AU,50,AU,L
2021,SE,FT,Machine Learning Engineer,172376,CAD,129282,US,100,AU,S
2021,EX,FT,Data Architect,97280,CAD,72960,US,100,US,S
2020,SE,FT,Business Intelligence Engineer,145330,EUR,159863,NL,100,CA,M
2024,MI,CT,Data Architect,212661,CAD,159495,GB,100,NL,S
2021,MI,PT,Data Manager,119631,GBP,149538,US,0,US,S
2020,MI,CT,Research Scientist,179544,EUR,197498,CA,100,CA,L
2020,MI,FL,Business Intelligence Engineer,70428,GBP,88035,CA,100,CA,S
2021,SE,FL,Data Analyst,112444,USD,112444,US,100,NL,M
2020,EX,PT,Data Scientist,107889,EUR,118677,NL,0,AU,S
2024,SE,FT,Data Modeler,268575,CAD,201431,US,0,AU,S
2022,MI,FL,Data Integration Specialist,122582,GBP,153227,AU,0,CA,S
2021,EN,FL,Data Manager,173806,GBP,217257,GB,100,GB,S
2023,SE,FL,Data Scientist,266337,CAD,199752,AU,0,US,L
2024,MI,FT,Data Modeler,63436,GBP,79295,NL,0,US,L
2024,SE,PT,Research Scientist,68905,CAD,51678,NL,0,CA,M
2023,EX,FL,Data Modeler,61981,GBP,77476,NL,0,GB,S
2023,EN,FT,Data Analyst,121473,CAD,91104,NL,0,NL,M
2021,EN,FL,Data Product Manager,90463,CAD,67847,CA,0,US,M
2021,SE,CT,ML Engineer,101589,GBP,126986,AU,50,US,S
2021,SE,FT,Data Engineer,59361,EUR,65297,AU,100,NL,M
2020,SE,PT,Data Product Manager,66875,CAD,50156,AU,0,AU,S
2021,EX,CT,Research Scientist,81661,CAD,61245,AU,50,US,L
2020,SE,FT,Data Engineer,173751,EUR,191126,NL,0,GB,S
2021,MI,PT,Data Modeler,111723,GBP,139653,GB,50,US,S
2021,EX,CT,Data Analyst,246558,CAD,184918,US,50,US,S
2023,MI,PT,ML Engineer,207294,CAD,155470,NL,100,GB,M
2024,MI,FL,Data Modeler,176983,USD,176983,GB,0,CA,S
2022,MI,FT,ML Engineer,108201,EUR,119021,AU,0,GB,S
2023,SE,FT,Research Scientist,119977,GBP,149971,GB,50,US,L
2024,EN,FT,Data Scientist,65857,GBP,82321,CA,50,US,S
2023,EN,PT,Data Manager,84606,CAD,63454,AU,100,US,M
2024,EN,FT,Data Integration Specialist,176923,CAD,132692,CA,0,AU,M
2022,MI,FL,Data Product Manager,55028,USD,55028,US,0,GB,L
2020,SE,PT,Business Intelligence Engineer,201249,USD,201249,US,100,NL,S
2020,EN,FL,ML Engineer,157741,GBP,197176,NL,0,CA,M
2022,SE,FT,Data Engineer,74920,GBP,93650,US,50,US,L
2021,EN,PT,ML Engineer,168019,USD,168019,US,50,US,M
2024,MI,CT,Data Scientist,95082,EUR,104590,US,0,NL,M
2023,EX,FL,Data Architect,250377,CAD,187782,GB,0,NL,S
2021,EX,FT,Data Manager,67036,CAD,50277,AU,50,CA,M
2020,SE,PT,Research Scientist,83212,CAD,62409,AU,50,AU,S
2022,EN,PT,Machine Learning Engineer,127032,CAD,95274,US,0,AU,S
2022,SE,PT,Data Modeler,200807,GBP,251008,NL,100,NL,S
2024,SE,CT,Data Manager,132570,USD,132570,US,100,GB,M
2023,EX,FT,Data Scientist,46384,CAD,34788,AU,100,GB,L
2023,EN,FT,Data Manager,114403,GBP,143003,AU,100,AU,L
2023,SE,FT,Data Manager,115599,USD,115599,US,100,US,S
2022,EN,FL,Business Intelligence Engineer,142303,EUR,156533,GB,0,AU,M
2023,EN,FL,Machine Learning Engineer,86654,GBP,108317,AU,100,CA,S
2021,SE,FT,Data Modeler,112729,USD,112729,NL,50,GB,S
2022,EN,PT,Data Engineer,102668,USD,102668,NL,50,GB,S
2024,SE,FL,Data Engineer,54055,GBP,67568,GB,100,NL,L
2020,MI,FT,Data Engineer,227571,USD,227571,CA,100,GB,S
2022,MI,FT,Data Architect,281763,USD,281763,AU,50,US,L
2020,EX,FL,Data Manager,131980,EUR,145178,US,0,CA,S
2020,EN,FT,ML Engineer,268386,USD,268386,GB,50,CA,S
2023,EX,CT,Business Intelligence Engineer,81209,CAD,60906,NL,100,US,L
2024,MI,PT,Data Modeler,174082,GBP,217602,CA,100,CA,L
2022,SE,CT,Data Product Manager,94618,GBP,118272,AU,50,GB,L
2020,EX,PT,Data Architect,119073,EUR,130980,US,50,NL,S
2023,MI,FT,Data Integration Specialist,96115,CAD,72086,US,50,GB,S
2023,SE,PT,Data Analyst,116299,CAD,87224,NL,100,US,S
2024,EX,FL,Data Architect,190412,EUR,209453,GB,100,US,S
2023,SE,FT,Data Product Manager,249004,CAD,186753,CA,50,NL,S
2020,MI,PT,Machine Learning Engineer,283274,USD,283274,CA,100,AU,L
2021,EX,PT,Data Engineer,93121,EUR,102433,NL,100,CA,L
2022,EX,PT,Research Scientist,49705,GBP,62131,CA,0,CA,L
2021,EN,PT,Data Integration Specialist,227520,EUR,250272,NL,100,CA,L
2021,MI,FT,Business Intelligence Engineer,65274,EUR,71801,CA,50,US,L
2021,EX,FT,Data Integration Specialist,132212,USD,132212,US,100,GB,L
2023,SE,FL,Machine Learning Engineer,76075,CAD,57056,US,50,CA,L
2020,MI,FL,ML Engineer,293846,USD,293846,CA,100,CA,L
2021,EN,FT,Data Manager,103251,USD,103251,US,100,AU,S
2023,SE,PT,Data Manager,115882,CAD,86911,GB,0,NL,S
2021,SE,FT,Research Scientist,68417,CAD,51312,AU,0,GB,S
2020,SE,FL,Data Architect,284152,USD,284152,AU,50,US,M
2024,EN,PT,Machine Learning Engineer,53729,EUR,59101,AU,0,US,M
2022,SE,FT,ML Engineer,199908,CAD,149931,CA,0,AU,S
2021,EX,FL,Data Integration Specialist,96132,EUR,105745,GB,100,AU,S
2022,SE,FL,Data Integration Specialist,114658,CAD,85993,CA,50,GB,M
2021,EN,FT,Data Manager,111272,CAD,83454,AU,0,NL,S
2021,SE,FT,Research Scientist,207944,USD,207944,CA,50,AU,M
2023,EX,FT,Data Integration Specialist,142765,EUR,157041,AU,100,GB,S
2021,SE,PT,ML Engineer,118891,GBP,148613,US,50,AU,S
2024,EX,CT,Data Scientist,192537,USD,192537,NL,50,CA,M
2020,MI,FT,Business Intelligence Engineer,124285,CAD,93213,NL,0,AU,M
2022,SE,CT,Research Scientist,151693,CAD,113769,CA,0,CA,L
2020,EX,FT,ML Engineer,292593,USD,292593,CA,50,US,S
2022,EX,FT,Machine Learning Engineer,73374,EUR,80711,GB,100,CA,S
2021,EX,PT,Data Integration Specialist,189576,EUR,208533,US,0,CA,L
2024,EN,FL,Data Modeler,90302,CAD,67726,GB,50,GB,L
2021,SE,CT,Data Manager,161684,EUR,177852,CA,100,CA,L
2023,EX,FL,Research Scientist,151419,GBP,189273,NL,100,NL,L
2022,EN,CT,Business Intelligence Engineer,60835,CAD,45626,CA,0,GB,S
2024,MI,FL,Data Manager,178860,EUR,196746,GB,100,AU,L
2023,SE,FT,Data Architect,87547,GBP,109433,US,50,GB,S
2020,SE,CT,Data Scientist,149550,CAD,112162,NL,50,NL,L
2023,MI,CT,Data Integration Specialist,64404,EUR,70844,US,100,NL,S
2021,SE,FT,Research Scientist,193023,GBP,241278,NL,100,NL,S
2020,MI,FL,Data Integration Specialist,266779,CAD,200084,AU,100,NL,L
2021,EX,CT,Data Analyst,83111,CAD,62333,CA,0,AU,S
2022,SE,FL,Data Scientist,46909,GBP,58636,GB,100,NL,S
2022,EX,CT,Data Architect,146723,CAD,110042,GB,0,AU,L
2021,MI,FL,Research Scientist,134435,GBP,168043,CA,100,US,S
2021,MI,FT,Data Product Manager,132182,GBP,165227,GB,0,AU,L
2020,MI,CT,Data Modeler,195353,USD,195353,US,0,NL,M
2020,MI,CT,Data Architect,189459,EUR,208404,NL,0,GB,M
2023,MI,FT,Data Manager,95935,GBP,119918,AU,50,AU,S
2021,MI,FT,ML Engineer,124564,GBP,155705,US,50,US,L
2021,MI,FT,Data Modeler,63704,USD,63704,US,100,GB,L
2021,MI,FL,Data Architect,226931,CAD,170198,AU,100,US,S
2023,EN,FT,Business Intelligence Engineer,180846,EUR,198930,GB,0,CA,M
2021,MI,FT,Data Integration Specialist,123728,USD,123728,US,50,NL,L
2023,MI,FL,Data Analyst,113064,EUR,124370,AU,50,US,S
2021,EX,CT,Data Analyst,168089,EUR,184897,CA,50,GB,S
2023,EX,FL,Data Manager,269330,CAD,201997,US,0,NL,L
2024,SE,FL,Data Integration Specialist,190003,EUR,209003,US,100,NL,S
2023,SE,FT,Data Manager,268970,CAD,201727,AU,100,AU,S
2022,SE,FL,Data Architect,118219,USD,118219,US,50,NL,L
2023,EN,CT,Data Modeler,195991,EUR,215590,CA,50,NL,M
2023,EX,FT,Business Intelligence Engineer,130992,USD,130992,GB,100,AU,L
2023,EN,FT,Machine Learning Engineer,248603,CAD,186452,US,50,AU,L
2020,SE,PT,Data Manager,73954,CAD,55465,CA,0,GB,M
2024,SE,CT,ML Engineer,161550,EUR,177705,AU,100,NL,M
2022,MI,CT,Data Analyst,106712,GBP,133390,US,0,GB,L
2022,EN,PT,Machine Learning Engineer,138299,CAD,103724,AU,50,NL,S
2024,EN,FL,Research Scientist,205438,GBP,256797,GB,50,CA,M
2021,EN,CT,ML Engineer,55985,USD,55985,CA,100,US,L
2021,MI,FL,Data Integration Specialist,82292,CAD,61719,GB,0,GB,S
2021,SE,PT,Data Engineer,144131,CAD,108098,GB,100,US,S
2022,EN,FL,Data Analyst,110577,GBP,138221,AU,50,AU,L
2023,SE,PT,ML Engineer,176485,GBP,220606,GB,100,NL,S
2020,SE,PT,Data Product Manager,75441,CAD,56580,US,100,NL,S
2023,SE,CT,Data Manager,103740,GBP,129675,CA,50,NL,L
2021,EN,PT,Data Modeler,231929,EUR,255121,US,100,CA,S
2021,EX,PT,Data Scientist,176165,CAD,132123,CA,100,NL,M
2023,EX,FT,Data Analyst,295083,USD,295083,US,50,US,M
2022,SE,CT,Research Scientist,75235,EUR,82758,NL,0,AU,M
2024,SE,FT,Data Analyst,202618,GBP,253272,CA,0,US,S
2023,SE,FT,Data Product Manager,110940,CAD,83205,US,100,US,L
2022,EN,FT,Data Analyst,45037,EUR,49540,NL,0,US,L
2020,EX,FL,Data Architect,206857,USD,206857,CA,0,US,L
2020,SE,CT,Data Modeler,227103,USD,227103,NL,100,NL,S
2020,MI,FT,Machine Learning Engineer,236983,EUR,260681,US,0,GB,L
2023,MI,FT,Data Modeler,121572,EUR,133729,NL,50,NL,M
2023,MI,FT,ML Engineer,111478,GBP,139347,NL,50,GB,M
2023,EN,FL,Data Engineer,278868,USD,278868,NL,100,US,S
2022,SE,FT,ML Engineer,61881,CAD,46410,AU,0,NL,L
2023,MI,FT,Business Intelligence Engineer,189829,GBP,237286,AU,50,AU,S
2022,EN,CT,Data Scientist,44630,GBP,55787,GB,50,US,L
2022,SE,PT,Business Intelligence Engineer,140597,CAD,105447,US,0,AU,L
2024,SE,FL,Data Engineer,136087,EUR,149695,AU,0,US,S
2023,EX,FL,Data Engineer,152234,CAD,114175,CA,0,NL,L
2024,MI,FL,Data Integration Specialist,246123,CAD,184592,NL,50,NL,M
2024,MI,CT,ML Engineer,140033,GBP,175041,US,100,NL,M
2021,EN,PT,Data Integration Specialist,239898,EUR,263887,CA,50,AU,M
2023,MI,PT,Data Analyst,205402,EUR,225942,NL,0,NL,S
2020,SE,FT,Business Intelligence Engineer,107838,CAD,80878,US,0,GB,M
2021,MI,FT,Data Engineer,196108,EUR,215718,CA,50,CA,S
2022,EX,FL,Data Modeler,131975,GBP,164968,AU,50,NL,L
2021,SE,FL,Research Scientist,104866,EUR,115352,CA,100,GB,M
2022,EX,FT,Data Manager,204322,CAD,153241,AU,100,GB,M
2021,SE,FT,Data Scientist,142254,CAD,106690,US,0,CA,M
2022,EN,PT,Machine Learning Engineer,51080,GBP,63850,US,100,AU,M
2020,EN,FT,Machine Learning Engineer,170621,EUR,187683,US,0,US,S
2022,MI,CT,Business Intelligence Engineer,98812,EUR,108693,AU,0,US,M
2021,SE,FL,Data Modeler,96111,EUR,105722,US,0,AU,S
2021,SE,FL,Data Architect,174018,CAD,130513,NL,0,AU,S
2024,SE,FL,Data Product Manager,293816,USD,293816,AU,50,GB,L
2022,EN,PT,Data Scientist,115272,CAD,86454,GB,50,NL,M
2022,EN,FT,ML Engineer,48466,CAD,36349,NL,100,AU,L
2024,SE,CT,Data Modeler,60427,EUR,66469,AU,100,CA,L
2021,SE,PT,Data Product Manager,105238,GBP,131547,CA,50,AU,S
2020,EX,PT,Data Scientist,73406,GBP,91757,US,50,GB,M
2021,EN,FL,ML Engineer,90621,USD,90621,CA,50,GB,L
2022,SE,FL,Data Integration Specialist,214445,GBP,268056,GB,50,AU,S
2023,EN,FL,Data Analyst,252142,USD,252142,NL,100,NL,L
2023,SE,PT,Data Engineer,92273,CAD,69204,NL,0,CA,M
2020,EN,PT,Data Integration Specialist,74078,GBP,92597,GB,50,GB,M
2020,SE,FT,Data Integration Specialist,174059,EUR,191464,GB,0,GB,L
2021,EX,FT,Machine Learning Engineer,202146,USD,202146,AU,0,GB,L
2023,EX,PT,Data Scientist,68039,EUR,74842,CA,50,US,L
2023,MI,PT,ML Engineer,244900,CAD,183675,AU,50,US,S
2024,EX,PT,Machine Learning Engineer,157569,EUR,173325,AU,50,CA,M
2020,EN,PT,Data Scientist,204641,GBP,255801,US,50,AU,M
2023,SE,PT,Data Analyst,169858,EUR,186843,GB,0,CA,M
2024,SE,FL,Data Modeler,192172,USD,192172,NL,100,NL,M
2023,MI,PT,Data Architect,217366,CAD,163024,GB,50,GB,M
2021,EX,FT,Business Intelligence Engineer,266925,CAD,200193,US,0,AU,S
2021,MI,FL,Data Modeler,201891,CAD,151418,GB,50,GB,L
2020,EN,FT,Machine Learning Engineer,43292,GBP,54115,AU,100,CA,M
2022,SE,FT,Data Manager,115997,EUR,127596,CA,0,AU,S
2021,EX,FT,Data Scientist,168178,EUR,184995,US,50,NL,M
2024,EN,PT,Business Intelligence Engineer,221516,USD,221516,CA,100,US,L
2023,SE,CT,Data Analyst,140286,USD,140286,AU,100,US,M
2024,EN,FT,Data Scientist,113330,EUR,124663,AU,0,CA,S
2022,EN,FT,Data Product Manager,201201,USD,201201,NL,100,CA,L
2020,MI,CT,Data Manager,213716,CAD,160287,AU,100,NL,L
2020,SE,FL,Data Integration Specialist,266800,USD,266800,CA,50,AU,M
2022,MI,FL,Data Modeler,213801,EUR,235181,CA,50,NL,L
2020,SE,FT,Data Modeler,212880,EUR,234168,AU,100,GB,L
2024,EX,PT,ML Engineer,132496,CAD,99372,US,0,CA,M
2020,EN,PT,Data Analyst,145219,USD,145219,GB,100,GB,M
2021,SE,FT,Data Engineer,178245,CAD,133683,GB,50,NL,S
2023,MI,FT,Data Product Manager,114890,EUR,126379,GB,50,NL,M
2022,SE,CT,Data Integration Specialist,172946,GBP,216182,GB,50,US,L
2022,MI,FL,Research Scientist,124208,GBP,155260,AU,0,NL,L
2021,MI,PT,Data Modeler,101761,EUR,111937,US,100,CA,M
2023,EX,FL,Data Engineer,119416,GBP,149270,NL,50,AU,S
2021,EN,FL,Machine Learning Engineer,183829,USD,183829,GB,0,AU,M
2024,MI,CT,Data Analyst,183192,EUR,201511,AU,0,AU,L
2024,MI,FT,Business Intelligence Engineer,63842,EUR,70226,GB,50,NL,M
2020,EN,FL,Data Analyst,156532,GBP,195665,NL,50,AU,L
2024,EX,CT,Data Engineer,233534,USD,233534,NL,50,GB,S
2022,EN,CT,Data Architect,209936,GBP,262420,CA,0,US,S
2020,SE,FT,Data Engineer,108364,GBP,135455,US,50,GB,M
2024,SE,CT,Data Modeler,272086,USD,272086,GB,100,US,S
2024,SE,FL,ML Engineer,137172,GBP,171465,GB,50,AU,M
2021,EN,CT,Data Engineer,187179,GBP,233973,CA,50,CA,L
2022,MI,FL,Machine Learning Engineer,171002,GBP,213752,AU,100,US,M
2024,EX,CT,Data Modeler,225828,CAD,169371,NL,100,CA,L
2024,SE,FT,Business Intelligence Engineer,92308,GBP,115385,US,100,NL,L
2024,MI,PT,Data Scientist,151990,USD,151990,AU,50,NL,M
2022,EN,FT,Data Modeler,272053,USD,272053,AU,50,CA,L
2021,SE,FT,Data Architect,135371,USD,135371,CA,100,US,L
2020,SE,CT,Research Scientist,191237,EUR,210360,AU,50,US,M
2021,EN,CT,ML Engineer,171172,EUR,188289,GB,100,CA,M
2020,EX,PT,Data Modeler,93942,EUR,103336,CA,50,AU,S
2022,MI,CT,ML Engineer,119573,CAD,89679,NL,0,US,S
2021,EN,FL,Data Product Manager,182109,CAD,136581,GB,50,GB,M
2024,EX,FL,ML Engineer,94779,EUR,104256,US,50,CA,M
2022,SE,FT,Data Scientist,60247,GBP,75308,AU,50,NL,L
2021,SE,FT,Data Product Manager,92817,EUR,102098,US,100,CA,M
2022,EX,FT,Data Modeler,69813,CAD,52359,NL,100,GB,L
2024,SE,FT,Data Manager,88371,EUR,97208,NL,0,GB,L
2021,SE,PT,Business Intelligence Engineer,97354,USD,97354,CA,50,AU,S
2024,EX,PT,Data Scientist,141648,CAD,106236,NL,0,CA,L
2021,MI,FT,Machine Learning Engineer,101062,CAD,75796,CA,100,GB,L
2024,SE,CT,Data Analyst,288873,USD,288873,US,50,GB,L
2023,EN,PT,Data Scientist,263013,USD,263013,GB,0,NL,L
2022,MI,PT,Data Engineer,57957,GBP,72446,GB,50,GB,S
2023,EX,CT,Data Architect,73870,GBP,92337,GB,100,GB,L
2023,SE,PT,Business Intelligence Engineer,200921,EUR,221013,US,50,US,S
2023,EN,PT,ML Engineer,173886,USD,173886,US,50,NL,M
2020,SE,FL,Data Modeler,103727,GBP,129658,CA,100,AU,S
2023,SE,FT,Business Intelligence Engineer,82661,EUR,90927,GB,100,GB,S
2020,EX,PT,Data Manager,90831,USD,90831,NL,0,US,M
2022,SE,CT,Data Analyst,178385,USD,178385,GB,100,NL,L
2020,MI,FL,Research Scientist,84308,CAD,63231,AU,0,GB,M
2020,MI,PT,Data Scientist,174490,EUR,191939,NL,50,AU,L
2021,MI,PT,Data Scientist,114314,EUR,125745,NL,100,US,S
2023,MI,FT,Data Modeler,81739,USD,81739,NL,0,US,L
2020,EX,FL,Data Scientist,99198,CAD,74398,US,0,US,S
2020,EN,PT,Data Analyst,145550,EUR,160105,GB,100,GB,L
2021,EN,CT,Data Manager,207862,GBP,259827,NL,100,AU,L
2021,EN,PT,Data Scientist,164488,EUR,180936,AU,50,AU,L
2020,MI,PT,Data Manager,277527,USD,277527,CA,50,CA,S
2023,EX,FL,Research Scientist,165861,GBP,207326,CA,50,AU,M
2020,EN,FL,Machine Learning Engineer,135125,USD,135125,US,100,NL,L
2023,EX,CT,Data Analyst,159223,CAD,119417,GB,0,NL,M
2023,MI,PT,Data Modeler,192746,EUR,212020,US,100,AU,S
2021,EX,FT,Business Intelligence Engineer,116818,CAD,87613,CA,50,CA,M
2024,MI,FL,ML Engineer,51337,USD,51337,GB,0,NL,S
2020,EN,FL,Data Integration Specialist,212387,CAD,159290,US,0,NL,M
2022,EX,FL,Data Architect,63657,USD,63657,GB,50,CA,S
2021,SE,FL,Data Analyst,176317,EUR,193948,GB,0,NL,L
2021,EX,FL,Data Manager,67342,EUR,74076,CA,100,US,M
2020,SE,PT,Business Intelligence Engineer,43922,EUR,48314,AU,0,AU,S
2023,EX,FL,Data Scientist,51221,USD,51221,GB,50,NL,S
2024,SE,PT,Data Engineer,96778,USD,96778,GB,0,GB,L
2023,EN,FL,Data Manager,182996,USD,182996,AU,0,NL,S
2023,SE,CT,Machine Learning Engineer,232409,CAD,174306,US,100,CA,L
2023,SE,FT,Data Manager,58901,USD,58901,CA,50,US,L
2023,EX,PT,Data Architect,222479,USD,222479,AU,100,US,S
2023,MI,FL,Data Product Manager,94502,CAD,70876,US,50,AU,L
2021,EX,FL,Data Analyst,250464,CAD,187848,GB,0,AU,S
2022,EN,FT,Data Modeler,191171,EUR,210288,CA,100,AU,L
2023,SE,FT,Data Scientist,129533,GBP,161916,NL,100,AU,L
2021,MI,FL,Data Modeler,250224,CAD,187668,NL,50,GB,M
2023,EN,CT,Data Modeler,77028,EUR,84730,CA,0,NL,M
2020,EN,PT,Data Scientist,172426,USD,172426,GB,50,NL,L
2024,SE,PT,Research Scientist,142697,GBP,178371,NL,50,US,L
2024,EN,PT,Data Manager,174583,EUR,192041,AU,50,NL,L
2020,EX,FL,Data Product Manager,121440,CAD,91080,US,100,CA,S
2021,MI,CT,Research Scientist,242281,CAD,181710,GB,50,GB,S
2021,MI,FL,Data Engineer,210778,CAD,158083,GB,0,CA,M
2023,SE,FL,Data Engineer,221590,CAD,166192,GB,100,NL,S
2023,MI,PT,Data Integration Specialist,206401,USD,206401,CA,0,AU,M
2022,EN,FL,Research Scientist,151661,GBP,189576,NL,50,NL,S
2024,EX,CT,Data Integration Specialist,64419,GBP,80523,NL,100,NL,M
2021,EX,FT,Research Scientist,177022,USD,177022,US,0,NL,S
2023,SE,FL,Data Integration Specialist,180544,USD,180544,US,100,CA,L
2020,EX,FL,Data Scientist,88647,CAD,66485,US,0,AU,S
2023,EN,CT,Research Scientist,66649,GBP,83311,CA,100,AU,L
2023,EX,PT,Data Manager,151833,CAD,113874,GB,100,AU,M
2023,EX,CT,Data Engineer,225501,EUR,248051,NL,0,US,S
2024,EX,PT,Business Intelligence Engineer,128708,GBP,160885,GB,100,AU,L
2024,MI,FT,Business Intelligence Engineer,101046,EUR,111150,GB,0,US,L
2022,MI,FT,Research Scientist,77798,GBP,97247,AU,0,AU,M
2024,EX,FL,Data Architect,236350,CAD,177262,AU,0,NL,M
2021,EX,PT,ML Engineer,78960,USD,78960,NL,100,GB,S
2020,SE,FL,Research Scientist,211810,EUR,232991,GB,0,CA,M
2022,EX,FL,Data Manager,242327,EUR,266559,US,0,AU,S
2024,SE,PT,Business Intelligence Engineer,77260,USD,77260,NL,100,CA,M
2023,EN,CT,Research Scientist,139617,CAD,104712,CA,100,NL,M
2024,EN,FT,Data Scientist,193894,GBP,242367,AU,0,AU,M
2021,SE,FL,Data Scientist,50738,EUR,55811,GB,100,AU,M
2023,EX,PT,Data Scientist,162731,EUR,179004,CA,50,CA,S
2024,SE,FL,Data Product Manager,203380,EUR,223718,NL,50,NL,L
2022,EX,FT,Research Scientist,157857,GBP,197321,AU,100,AU,L
2024,EX,FT,Machine Learning Engineer,52910,EUR,58201,GB,50,GB,L
2022,MI,CT,Data Scientist,88464,USD,88464,CA,0,AU,L
2023,SE,PT,Data Architect,38404,GBP,48005,NL,100,US,L
2024,EX,CT,Data Product Manager,111302,USD,111302,AU,0,NL,S
2024,SE,CT,Data Analyst,60825,USD,60825,AU,100,CA,S
2020,EN,PT,Data Architect,213082,CAD,159811,US,100,AU,L
2020,EX,FL,Data Manager,152508,GBP,190635,CA,50,NL,S
2024,MI,CT,Data Integration Specialist,95951,CAD,71963,GB,100,US,L
2022,EN,FL,Research Scientist,211531,CAD,158648,US,100,NL,L
2020,EN,CT,Research Scientist,147568,EUR,162324,NL,50,US,S
2021,MI,CT,Data Architect,198796,EUR,218675,US,100,NL,S
2020,MI,FT,Data Architect,121973,USD,121973,NL,50,NL,S
2020,MI,PT,Machine Learning Engineer,62404,USD,62404,GB,50,CA,S
2024,MI,PT,Data Scientist,77477,GBP,96846,AU,100,GB,L
2022,SE,CT,Research Scientist,251384,CAD,188538,NL,100,CA,M
2022,EN,CT,Data Scientist,74021,GBP,92526,CA,0,CA,L
2020,EX,FL,Machine Learning Engineer,50194,EUR,55213,CA,0,GB,M
2024,EN,FL,ML Engineer,115955,EUR,127550,CA,0,AU,S
2023,SE,FL,Research Scientist,209641,GBP,262051,GB,0,CA,M
2023,SE,CT,Data Integration Specialist,159639,USD,159639,CA,100,AU,S
2024,SE,FT,Data Modeler,215537,EUR,237090,NL,100,US,L
2021,SE,FL,Data Analyst,143709,EUR,158079,US,100,US,S
2021,EX,FT,Data Manager,154299,GBP,192873,NL,50,NL,S
2020,MI,CT,Machine Learning Engineer,189338,USD,189338,AU,0,CA,M
2024,SE,CT,Data Engineer,147876,USD,147876,US,50,NL,L
2023,SE,PT,Data Product Manager,144889,GBP,181111,NL,50,AU,M
2020,SE,FT,Business Intelligence Engineer,83775,CAD,62831,US,100,CA,L
2022,EX,CT,Data Product Manager,114140,CAD,85605,AU,100,NL,L
2021,EN,FT,Data Engineer,103816,GBP,129770,US,100,NL,M
2022,EX,CT,ML Engineer,176234,EUR,193857,CA,0,NL,L
2023,MI,FT,Data Integration Specialist,209458,EUR,230403,US,100,NL,L
2023,EX,CT,Machine Learning Engineer,154716,EUR,170187,AU,50,AU,L
2022,EN,CT,ML Engineer,74202,EUR,81622,AU,0,NL,L
2022,MI,CT,Data Modeler,71020,GBP,88775,NL,0,CA,S
2020,EN,FT,Data Integration Specialist,177520,EUR,195272,AU,0,CA,S
2022,EN,PT,Machine Learning Engineer,92042,CAD,69031,AU,100,US,M
2024,MI,CT,Data Scientist,71214,CAD,53410,NL,0,US,L
2023,SE,CT,Data Product Manager,70353,CAD,52764,AU,100,CA,S
2023,EN,PT,Machine Learning Engineer,183498,CAD,137623,NL,0,GB,M
2023,SE,FT,Data Scientist,61636,USD,61636,AU,50,AU,L
2021,EN,FT,Data Modeler,164900,GBP,206125,CA,100,AU,L
2020,EX,CT,Data Scientist,40612,EUR,44673,US,0,AU,L
2024,SE,FT,Data Integration Specialist,240794,EUR,264873,GB,100,GB,L
2022,EX,CT,Data Manager,126204,GBP,157755,GB,0,GB,S
2021,MI,FT,Machine Learning Engineer,107961,USD,107961,US,0,GB,L
2020,EX,FL,ML Engineer,77506,GBP,96882,AU,0,NL,M
2024,SE,FL,Machine Learning Engineer,131028,CAD,98271,NL,100,US,M
2020,SE,FT,Machine Learning Engineer,230960,CAD,173220,NL,50,AU,L
2020,MI,CT,Machine Learning Engineer,224305,USD,224305,NL,0,GB,M
2020,EX,PT,Data Manager,67045,EUR,73749,AU,50,CA,M
2023,EX,FL,Business Intelligence Engineer,201719,USD,201719,US,50,CA,L
2020,MI,FL,Data Manager,175192,GBP,218990,US,50,AU,L
2020,EX,FT,Data Scientist,93746,GBP,117182,CA,50,CA,L
2023,EX,FT,Business Intelligence Engineer,114650,EUR,126115,CA,100,AU,S
2020,EN,FL,ML Engineer,115635,USD,115635,NL,0,US,M
2020,EX,FT,ML Engineer,227609,EUR,250369,CA,0,AU,L
2022,SE,CT,Business Intelligence Engineer,211862,GBP,264827,AU,0,AU,S
2021,SE,PT,Machine Learning Engineer,241252,CAD,180939,CA,100,NL,L
2022,EX,FT,Data Architect,36608,GBP,45760,GB,100,US,M
2023,EX,FT,Data Analyst,230618,CAD,172963,US,0,US,L
2021,SE,FT,Research Scientist,80105,USD,80105,GB,100,NL,M
2021,MI,PT,Data Integration Specialist,272104,USD,272104,US,100,CA,L
2024,SE,FL,Data Modeler,123255,USD,123255,GB,0,CA,L
2024,MI,PT,Data Integration Specialist,56498,CAD,42373,NL,50,CA,M
2024,EX,PT,Data Engineer,260555,USD,260555,US,100,NL,M
2022,EX,CT,Machine Learning Engineer,159972,CAD,119979,GB,50,AU,L
2022,EN,FT,Data Integration Specialist,65360,GBP,81700,CA,50,AU,S
2020,MI,FL,Data Engineer,182994,EUR,201293,NL,100,NL,S
2023,MI,FT,Data Product Manager,241291,CAD,180968,AU,100,US,L
2024,EN,FL,Research Scientist,147812,GBP,184765,US,100,CA,M
2024,EN,PT,Data Architect,98851,USD,98851,AU,100,GB,S
2020,SE,FL,Research Scientist,94693,GBP,118366,AU,50,NL,M
2023,EX,CT,Business Intelligence Engineer,149366,EUR,164302,NL,0,US,S
2021,EX,FT,Data Manager,116920,GBP,146150,CA,0,AU,L
2021,SE,FT,Data Scientist,99530,EUR,109483,CA,50,AU,S
2023,EX,FT,Data Analyst,234438,EUR,257881,US,50,US,L
2024,EX,PT,Data Scientist,223019,CAD,167264,GB,0,CA,S
2023,EN,FT,Data Modeler,224521,USD,224521,AU,50,NL,S
2021,SE,FT,Business Intelligence Engineer,161918,GBP,202397,CA,0,NL,L
2024,EN,CT,Data Integration Specialist,97115,CAD,72836,CA,100,US,S
2022,SE,FL,Data Engineer,93530,GBP,116912,GB,100,CA,S
2024,EX,CT,Data Analyst,47098,CAD,35323,GB,0,GB,L
2024,EN,FT,Data Manager,152882,EUR,168170,GB,100,GB,M
2023,EN,FL,Data Scientist,77734,EUR,85507,US,0,US,L
2020,SE,FT,Data Modeler,248676,USD,248676,US,0,AU,L
2022,EX,FT,Data Manager,243435,EUR,267778,AU,50,GB,L
2024,MI,CT,Data Scientist,188990,CAD,141742,US,0,US,L
2024,EX,CT,Data Product Manager,83372,CAD,62529,AU,50,GB,S
2020,EX,FL,Data Modeler,72893,USD,72893,GB,100,US,M
2022,EX,FL,Data Product Manager,127929,USD,127929,US,50,AU,M
2023,EN,FT,Data Modeler,216714,CAD,162535,US,50,CA,L
2020,EN,FL,Data Architect,168105,CAD,126078,AU,50,CA,L
2023,MI,FL,ML Engineer,270812,USD,270812,AU,50,US,L
2023,SE,CT,Research Scientist,140111,EUR,154122,GB,100,US,L
2021,SE,PT,Data Scientist,185953,EUR,204548,US,0,AU,L
2023,SE,FL,Data Manager,127311,GBP,159138,US,100,US,L
2023,SE,PT,Data Engineer,150236,USD,150236,NL,0,CA,L
2022,EN,PT,Research Scientist,217813,USD,217813,NL,50,GB,M
2021,MI,PT,ML Engineer,207854,CAD,155890,US,100,AU,L
2021,EX,PT,Machine Learning Engineer,96185,GBP,120231,GB,100,AU,M
2024,EX,CT,Data Architect,241874,CAD,181405,CA,100,CA,S
2020,EN,PT,Machine Learning Engineer,210110,GBP,262637,CA,0,CA,S
2021,MI,FT,Data Product Manager,143173,CAD,107379,GB,100,GB,M
2022,SE,FT,Data Manager,241990,EUR,266189,NL,0,US,S
2024,EX,PT,Machine Learning Engineer,81574,EUR,89731,US,50,US,M
2020,EX,FL,Machine Learning Engineer,129118,GBP,161397,GB,100,NL,S
2023,SE,PT,Data Scientist,90387,CAD,67790,US,0,NL,M
2021,SE,FT,Data Modeler,112834,USD,112834,US,50,NL,M
2021,EX,FL,Research Scientist,124338,EUR,136771,GB,50,US,S
2023,SE,CT,Data Engineer,123754,GBP,154692,GB,0,US,L
2023,MI,PT,Data Manager,279171,USD,279171,GB,0,NL,L
2023,SE,FT,ML Engineer,67906,EUR,74696,US,50,NL,L
2023,EN,FT,Data Scientist,113036,EUR,124339,GB,100,CA,M
2020,EX,FL,Research Scientist,138069,GBP,172586,AU,100,GB,S
2024,SE,FT,Data Architect,48819,EUR,53700,CA,0,GB,L
2022,MI,FL,Research Scientist,136080,CAD,102060,US,0,NL,L
2021,SE,CT,Data Architect,185557,USD,185557,AU,100,US,L
2024,EX,PT,Data Architect,138692,USD,138692,GB,50,GB,S
2021,SE,PT,Data Scientist,228597,EUR,251456,AU,0,CA,M
2024,MI,FT,Data Scientist,201123,GBP,251403,US,0,US,S
2021,EX,PT,Business Intelligence Engineer,168977,USD,168977,GB,50,NL,S
2024,SE,CT,Machine Learning Engineer,105323,EUR,115855,GB,0,CA,L
2022,MI,FT,Data Product Manager,277919,USD,277919,NL,50,NL,L
2024,EN,FL,Machine Learning Engineer,192398,USD,192398,US,0,CA,L
2023,EX,PT,Research Scientist,193028,GBP,241285,NL,50,AU,L
2022,SE,CT,Data Product Manager,213735,GBP,267168,US,100,AU,L
2021,EN,CT,Data Scientist,264724,CAD,198543,CA,100,CA,L
2022,MI,PT,Data Scientist,225344,CAD,169008,CA,50,NL,M
2022,SE,FL,Research Scientist,114634,GBP,143292,US,100,CA,M
2023,EN,FL,Data Architect,92449,CAD,69336,NL,50,AU,L
2023,SE,CT,Business Intelligence Engineer,135637,CAD,101727,AU,0,US,S
2022,EX,FL,Data Manager,164910,USD,164910,NL,100,GB,L
2021,MI,FL,Data Analyst,86444,USD,86444,NL,100,GB,L
2023,SE,PT,Business Intelligence Engineer,93484,EUR,102832,US,50,NL,M
2024,MI,FT,Data Scientist,110881,GBP,138601,CA,0,NL,L
2022,MI,FT,Data Architect,177549,GBP,221936,US,0,NL,L
2022,EX,CT,Machine Learning Engineer,215622,EUR,237184,AU,50,CA,S
2021,EN,FT,Data Manager,161204,USD,161204,US,0,US,M
2024,EX,FL,Data Scientist,261624,CAD,196218,AU,0,AU,S
2022,EX,FT,ML Engineer,192224,GBP,240280,CA,0,AU,M
2022,EN,FT,Research Scientist,117862,CAD,88396,AU,50,NL,M
2021,SE,PT,Machine Learning Engineer,52557,CAD,39417,NL,100,US,S
2020,SE,PT,Data Scientist,293855,USD,293855,US,50,CA,M
2021,EX,PT,Research Scientist,161551,USD,161551,CA,0,GB,L
2020,SE,FT,Machine Learning Engineer,253357,CAD,190017,US,0,NL,S
2020,EN,FL,Data Analyst,94069,USD,94069,US,50,CA,L
2022,SE,FL,Data Analyst,116521,GBP,145651,CA,50,CA,L
2024,EX,PT,Data Modeler,183455,EUR,201800,AU,50,AU,L
2022,EN,FT,Data Integration Specialist,228528,USD,228528,AU,50,NL,M
2020,SE,FL,Data Product Manager,216384,USD,216384,GB,100,AU,L
2023,EN,PT,Data Scientist,228384,USD,228384,US,100,US,M
2023,SE,CT,Data Analyst,248040,CAD,186030,GB,0,NL,M
2020,EN,CT,Data Analyst,67830,GBP,84787,NL,50,CA,M
2024,SE,FT,ML Engineer,208090,USD,208090,CA,50,AU,M
2021,EN,PT,Machine Learning Engineer,99788,EUR,109766,NL,100,NL,S
2022,MI,FL,Data Integration Specialist,206373,CAD,154779,GB,0,AU,M
2021,SE,CT,Data Engineer,126728,CAD,95046,CA,0,AU,L
2020,EX,FL,Data Integration Specialist,276717,USD,276717,CA,0,AU,L
2020,SE,PT,Data Manager,238631,EUR,262494,GB,100,NL,M
2021,MI,CT,Data Architect,158283,GBP,197853,US,100,US,L
2024,EN,PT,ML Engineer,58821,EUR,64703,NL,50,CA,S
2021,SE,FT,Data Manager,85620,USD,85620,GB,0,GB,S
2022,MI,FT,Business Intelligence Engineer,210339,USD,210339,NL,0,AU,M
2021,EN,CT,Data Manager,215351,GBP,269188,US,50,GB,L
2020,EN,FT,Data Analyst,149812,USD,149812,NL,100,GB,S
2020,MI,FT,Data Product Manager,289365,USD,289365,CA,100,US,M
2023,SE,CT,Data Product Manager,60708,CAD,45531,US,0,US,M
2021,SE,FT,Data Engineer,210857,GBP,263571,CA,100,US,M
2022,EX,FL,Data Architect,267291,CAD,200468,CA,50,US,L
2024,SE,PT,Data Analyst,291548,USD,291548,AU,50,GB,M
2024,SE,CT,Data Manager,200862,GBP,251077,CA,100,AU,M
2021,EX,FT,Data Product Manager,70735,CAD,53051,AU,50,NL,M
2023,EX,FL,Data Manager,261244,CAD,195933,NL,50,AU,M
2024,SE,PT,Data Modeler,171664,EUR,188830,GB,0,NL,S
2021,SE,FL,Data Architect,138477,USD,138477,US,0,NL,L
2024,EN,CT,Data Scientist,186255,GBP,232818,US,50,GB,S
2022,EX,FT,Data Scientist,146975,USD,146975,US,100,GB,S
2024,SE,FL,ML Engineer,100276,GBP,125345,NL,0,AU,L
2022,EX,FT,Data Manager,72437,GBP,90546,CA,0,US,M
2024,MI,PT,Data Manager,152059,GBP,190073,US,0,AU,S
2020,SE,FL,Data Engineer,182480,EUR,200728,US,100,US,S
2023,EX,PT,Data Analyst,55096,CAD,41322,NL,0,US,S
2023,SE,CT,ML Engineer,92441,USD,92441,US,0,GB,S
2023,EX,PT,Data Scientist,156068,USD,156068,GB,100,US,M
2024,MI,FL,Data Manager,67884,GBP,84855,GB,0,CA,M
2024,EN,FT,Data Product Manager,239157,USD,239157,CA,100,NL,L
2021,MI,FL,Machine Learning Engineer,85703,CAD,64277,CA,50,CA,L
2024,EX,FT,ML Engineer,144128,CAD,108096,NL,50,AU,M
2021,SE,FL,Data Scientist,238854,CAD,179140,NL,100,AU,S
2023,MI,FL,Business Intelligence Engineer,161784,EUR,177962,CA,100,GB,M
2024,EX,FT,Data Modeler,123624,GBP,154530,NL,0,AU,M
2023,EX,FT,ML Engineer,187721,GBP,234651,CA,50,GB,L
2020,EX,FL,Data Architect,99253,EUR,109178,GB,100,US,M
2022,SE,FL,Business Intelligence Engineer,212433,CAD,159324,GB,0,AU,L
2022,EX,PT,Research Scientist,226620,USD,226620,NL,0,US,M
2024,EN,CT,Research Scientist,225534,EUR,248087,US,100,AU,S
2024,EX,FT,Data Analyst,76703,USD,76703,GB,100,US,M
2021,SE,FT,Business Intelligence Engineer,163622,EUR,179984,GB,100,CA,L
2024,EN,FL,Research Scientist,96526,EUR,106178,AU,0,GB,L
2021,EN,FL,Data Modeler,196065,EUR,215671,CA,50,NL,S
2023,EN,PT,Data Manager,230340,EUR,253374,NL,100,GB,M
2020,EN,CT,Data Analyst,62536,GBP,78170,CA,100,NL,M
2020,MI,CT,Data Analyst,211116,CAD,158337,CA,0,US,S
2024,SE,FT,Data Architect,117399,USD,117399,GB,100,NL,M
2022,EN,PT,ML Engineer,91638,GBP,114547,AU,0,GB,L
2022,EN,PT,Data Scientist,236443,EUR,260087,NL,0,CA,L
2021,MI,PT,Business Intelligence Engineer,123735,USD,123735,NL,50,GB,S
2023,EN,PT,Data Integration Specialist,220493,USD,220493,US,50,AU,L
2021,MI,FL,Data Scientist,86750,CAD,65062,GB,100,AU,S
2022,SE,FL,Data Scientist,200730,GBP,250912,AU,100,AU,M
2021,SE,CT,Business Intelligence Engineer,273390,USD,273390,CA,50,AU,L
2023,SE,FL,Data Architect,235198,CAD,176398,AU,0,CA,M
2023,EN,PT,Data Integration Specialist,149920,USD,149920,AU,100,US,L
2023,EN,CT,Machine Learning Engineer,108523,USD,108523,AU,0,AU,L
2022,EX,FT,Business Intelligence Engineer,55919,EUR,61510,CA,100,NL,M
2022,MI,PT,Data Scientist,103743,USD,103743,CA,0,US,S
2022,MI,CT,Machine Learning Engineer,68394,GBP,85492,AU,50,AU,M
2020,MI,FL,Data Engineer,180931,GBP,226163,CA,50,NL,L
2023,MI,FT,Data Architect,226327,EUR,248959,CA,100,AU,L
2023,SE,FL,Data Scientist,122799,CAD,92099,AU,50,US,L
2024,EX,CT,Data Modeler,191446,GBP,239307,US,100,NL,L
2024,SE,FL,Data Scientist,117674,USD,117674,AU,50,US,S
2024,EX,FT,Data Architect,76010,CAD,57007,US,100,NL,S
2024,EX,PT,ML Engineer,273798,USD,273798,GB,100,US,L
2024,MI,FT,Data Manager,268057,CAD,201042,GB,100,AU,L
2023,EN,FL,Research Scientist,189275,GBP,236593,AU,100,GB,L
2024,MI,CT,Data Modeler,89789,USD,89789,AU,100,NL,S
2020,SE,CT,ML Engineer,57912,CAD,43434,US,0,US,M
2021,EX,FT,Data Product Manager,82285,CAD,61713,AU,50,AU,M
2023,EN,FL,Data Product Manager,205836,CAD,154377,NL,50,AU,S
2024,SE,PT,Data Architect,255237,USD,255237,GB,50,AU,S
